start,stop,ligne
LADEFENSE,ESPLANADEDELADEFENSE,1
ESPLANADEDELADEFENSE,PONTDENEUILLY,1
PONTDENEUILLY,LESSABLONS,1
LESSABLONS,PORTEMAILLOT,1
PORTEMAILLOT,ARGENTINE,1
ARGENTINE,CHARLESDEGAULLEETOILE,1
CHARLESDEGAULLEETOILE,GEORGEV,1
GEORGEV,FRANKLINDROOSEVELT,1
FRANKLINDROOSEVELT,CHAMPSELYSEESCLEMENCEAU,1
CHAMPSELYSEESCLEMENCEAU,CONCORDE,1
CONCORDE,TUILERIES,1
TUILERIES,PALAISROYALMUSEEDULOUVRE,1
PALAISROYALMUSEEDULOUVRE,LOUVRERIVOLI,1
LOUVRERIVOLI,CHATELET,1
CHATELET,HOTELDEVILLE,1
HOTELDEVILLE,STPAUL,1
STPAUL,BASTILLE,1
BASTILLE,GAREDELYON,1
GAREDELYON,REUILLYDIDEROT,1
REUILLYDIDEROT,NATION,1
NATION,PORTEDEVINCENNES,1
PORTEDEVINCENNES,STMANDE,1
STMANDE,BERAULT,1
BERAULT,CHATEAUDEVINCENNES,1
ESPLANADEDELADEFENSE,LADEFENSE,1
PONTDENEUILLY,ESPLANADEDELADEFENSE,1
LESSABLONS,PONTDENEUILLY,1
PORTEMAILLOT,LESSABLONS,1
ARGENTINE,PORTEMAILLOT,1
CHARLESDEGAULLEETOILE,ARGENTINE,1
GEORGEV,CHARLESDEGAULLEETOILE,1
FRANKLINDROOSEVELT,GEORGEV,1
CHAMPSELYSEESCLEMENCEAU,FRANKLINDROOSEVELT,1
CONCORDE,CHAMPSELYSEESCLEMENCEAU,1
TUILERIES,CONCORDE,1
PALAISROYALMUSEEDULOUVRE,TUILERIES,1
LOUVRERIVOLI,PALAISROYALMUSEEDULOUVRE,1
CHATELET,LOUVRERIVOLI,1
HOTELDEVILLE,CHATELET,1
STPAUL,HOTELDEVILLE,1
BASTILLE,STPAUL,1
GAREDELYON,BASTILLE,1
REUILLYDIDEROT,GAREDELYON,1
NATION,REUILLYDIDEROT,1
PORTEDEVINCENNES,NATION,1
STMANDE,PORTEDEVINCENNES,1
BERAULT,STMANDE,1
CHATEAUDEVINCENNES,BERAULT,1
PORTEDAUPHINE,VICTORHUGO,2
VICTORHUGO,CHARLESDEGAULLEETOILE,2
CHARLESDEGAULLEETOILE,TERNES,2
TERNES,COURCELLES,2
COURCELLES,MONCEAU,2
MONCEAU,VILLIERS,2
VILLIERS,ROME,2
ROME,PLACEDECLICHY,2
PLACEDECLICHY,BLANCHE,2
BLANCHE,PIGALLE,2
PIGALLE,ANVERS,2
ANVERS,BARBESROCHECHOUART,2
BARBESROCHECHOUART,LACHAPELLE,2
LACHAPELLE,STALINGRAD,2
STALINGRAD,JAURES,2
JAURES,COLONELFABIEN,2
COLONELFABIEN,BELLEVILLE,2
BELLEVILLE,COURONNES,2
COURONNES,MENILMONTANT,2
MENILMONTANT,PERELACHAISE,2
PERELACHAISE,PHILIPPEAUGUSTE,2
PHILIPPEAUGUSTE,ALEXANDREDUMAS,2
ALEXANDREDUMAS,AVRON,2
AVRON,NATION,2
VICTORHUGO,PORTEDAUPHINE,2
CHARLESDEGAULLEETOILE,VICTORHUGO,2
TERNES,CHARLESDEGAULLEETOILE,2
COURCELLES,TERNES,2
MONCEAU,COURCELLES,2
VILLIERS,MONCEAU,2
ROME,VILLIERS,2
PLACEDECLICHY,ROME,2
BLANCHE,PLACEDECLICHY,2
PIGALLE,BLANCHE,2
ANVERS,PIGALLE,2
BARBESROCHECHOUART,ANVERS,2
LACHAPELLE,BARBESROCHECHOUART,2
STALINGRAD,LACHAPELLE,2
JAURES,STALINGRAD,2
COLONELFABIEN,JAURES,2
BELLEVILLE,COLONELFABIEN,2
COURONNES,BELLEVILLE,2
MENILMONTANT,COURONNES,2
PERELACHAISE,MENILMONTANT,2
PHILIPPEAUGUSTE,PERELACHAISE,2
ALEXANDREDUMAS,PHILIPPEAUGUSTE,2
AVRON,ALEXANDREDUMAS,2
NATION,AVRON,2
PONTDELEVALLOISBECON,ANATOLEFRANCE,3
ANATOLEFRANCE,LOUISEMICHEL,3
LOUISEMICHEL,PORTEDECHAMPERRET,3
PORTEDECHAMPERRET,PEREIRE,3
PEREIRE,WAGRAM,3
WAGRAM,MALESHERBES,3
MALESHERBES,VILLIERS,3
VILLIERS,EUROPE,3
EUROPE,STLAZARE,3
STLAZARE,HAVRECAUMARTIN,3
HAVRECAUMARTIN,OPERA,3
OPERA,QUATRESEPTEMBRE,3
QUATRESEPTEMBRE,BOURSE,3
BOURSE,SENTIER,3
SENTIER,REAUMURSEBASTOPOL,3
REAUMURSEBASTOPOL,ARTSETMETIERS,3
ARTSETMETIERS,TEMPLE,3
TEMPLE,REPUBLIQUE,3
REPUBLIQUE,PARMENTIER,3
PARMENTIER,RUESTMAUR,3
RUESTMAUR,PERELACHAISE,3
PERELACHAISE,GAMBETTA,3
GAMBETTA,PORTEDEBAGNOLET,3
PORTEDEBAGNOLET,GALLIENI,3
ANATOLEFRANCE,PONTDELEVALLOISBECON,3
LOUISEMICHEL,ANATOLEFRANCE,3
PORTEDECHAMPERRET,LOUISEMICHEL,3
PEREIRE,PORTEDECHAMPERRET,3
WAGRAM,PEREIRE,3
MALESHERBES,WAGRAM,3
VILLIERS,MALESHERBES,3
EUROPE,VILLIERS,3
STLAZARE,EUROPE,3
HAVRECAUMARTIN,STLAZARE,3
OPERA,HAVRECAUMARTIN,3
QUATRESEPTEMBRE,OPERA,3
BOURSE,QUATRESEPTEMBRE,3
SENTIER,BOURSE,3
REAUMURSEBASTOPOL,SENTIER,3
ARTSETMETIERS,REAUMURSEBASTOPOL,3
TEMPLE,ARTSETMETIERS,3
REPUBLIQUE,TEMPLE,3
PARMENTIER,REPUBLIQUE,3
RUESTMAUR,PARMENTIER,3
PERELACHAISE,RUESTMAUR,3
GAMBETTA,PERELACHAISE,3
PORTEDEBAGNOLET,GAMBETTA,3
GALLIENI,PORTEDEBAGNOLET,3
PORTEDECLIGNANCOURT,SIMPLON,4
SIMPLON,MARCADETPOISSONNIERS,4
MARCADETPOISSONNIERS,CHATEAUROUGE,4
CHATEAUROUGE,BARBESROCHECHOUART,4
BARBESROCHECHOUART,GAREDUNORD,4
GAREDUNORD,GAREDELEST,4
GAREDELEST,CHATEAUDEAU,4
CHATEAUDEAU,STRASBOURGSTDENIS,4
STRASBOURGSTDENIS,REAUMURSEBASTOPOL,4
REAUMURSEBASTOPOL,ETIENNEMARCEL,4
ETIENNEMARCEL,LESHALLES,4
LESHALLES,CHATELET,4
CHATELET,CITE,4
CITE,STMICHEL,4
STMICHEL,ODEON,4
ODEON,STGERMAINDESPRES,4
STGERMAINDESPRES,STSULPICE,4
STSULPICE,STPLACIDE,4
STPLACIDE,MONTPARNASSEBIENVENUE,4
MONTPARNASSEBIENVENUE,VAVIN,4
VAVIN,RASPAIL,4
RASPAIL,DENFERTROCHEREAU,4
DENFERTROCHEREAU,MOUTONDUVERNET,4
MOUTONDUVERNET,ALESIA,4
ALESIA,PORTEDORLEANS,4
PORTEDORLEANS,MAIRIEDEMONTROUGE,4
SIMPLON,PORTEDECLIGNANCOURT,4
MARCADETPOISSONNIERS,SIMPLON,4
CHATEAUROUGE,MARCADETPOISSONNIERS,4
BARBESROCHECHOUART,CHATEAUROUGE,4
GAREDUNORD,BARBESROCHECHOUART,4
GAREDELEST,GAREDUNORD,4
CHATEAUDEAU,GAREDELEST,4
STRASBOURGSTDENIS,CHATEAUDEAU,4
REAUMURSEBASTOPOL,STRASBOURGSTDENIS,4
ETIENNEMARCEL,REAUMURSEBASTOPOL,4
LESHALLES,ETIENNEMARCEL,4
CHATELET,LESHALLES,4
CITE,CHATELET,4
STMICHEL,CITE,4
ODEON,STMICHEL,4
STGERMAINDESPRES,ODEON,4
STSULPICE,STGERMAINDESPRES,4
STPLACIDE,STSULPICE,4
MONTPARNASSEBIENVENUE,STPLACIDE,4
VAVIN,MONTPARNASSEBIENVENUE,4
RASPAIL,VAVIN,4
DENFERTROCHEREAU,RASPAIL,4
MOUTONDUVERNET,DENFERTROCHEREAU,4
ALESIA,MOUTONDUVERNET,4
PORTEDORLEANS,ALESIA,4
MAIRIEDEMONTROUGE,PORTEDORLEANS,4
BOBIGNYPABLOPICASSO,BOBIGNYPANTINRAYMONDQUENEAU,5
BOBIGNYPANTINRAYMONDQUENEAU,EGLISEDEPANTIN,5
EGLISEDEPANTIN,HOCHE,5
HOCHE,PORTEDEPANTIN,5
PORTEDEPANTIN,OURCQ,5
OURCQ,LAUMIERE,5
LAUMIERE,JAURES,5
JAURES,STALINGRAD,5
STALINGRAD,GAREDUNORD,5
GAREDUNORD,GAREDELEST,5
GAREDELEST,JACQUESBONSERGENT,5
JACQUESBONSERGENT,REPUBLIQUE,5
REPUBLIQUE,OBERKAMPF,5
OBERKAMPF,RICHARDLENOIR,5
RICHARDLENOIR,BREGUETSABIN,5
BREGUETSABIN,BASTILLE,5
BASTILLE,QUAIDELARAPEE,5
QUAIDELARAPEE,GAREDAUSTERLITZ,5
GAREDAUSTERLITZ,STMARCEL,5
STMARCEL,CAMPOFORMIO,5
CAMPOFORMIO,PLACEDITALIE,5
BOBIGNYPANTINRAYMONDQUENEAU,BOBIGNYPABLOPICASSO,5
EGLISEDEPANTIN,BOBIGNYPANTINRAYMONDQUENEAU,5
HOCHE,EGLISEDEPANTIN,5
PORTEDEPANTIN,HOCHE,5
OURCQ,PORTEDEPANTIN,5
LAUMIERE,OURCQ,5
JAURES,LAUMIERE,5
STALINGRAD,JAURES,5
GAREDUNORD,STALINGRAD,5
GAREDELEST,GAREDUNORD,5
JACQUESBONSERGENT,GAREDELEST,5
REPUBLIQUE,JACQUESBONSERGENT,5
OBERKAMPF,REPUBLIQUE,5
RICHARDLENOIR,OBERKAMPF,5
BREGUETSABIN,RICHARDLENOIR,5
BASTILLE,BREGUETSABIN,5
QUAIDELARAPEE,BASTILLE,5
GAREDAUSTERLITZ,QUAIDELARAPEE,5
STMARCEL,GAREDAUSTERLITZ,5
CAMPOFORMIO,STMARCEL,5
PLACEDITALIE,CAMPOFORMIO,5
CHARLESDEGAULLEETOILE,KLEBER,6
KLEBER,BOISSIERE,6
BOISSIERE,TROCADERO,6
TROCADERO,PASSY,6
PASSY,BIRHAKEIM,6
BIRHAKEIM,DUPLEIX,6
DUPLEIX,LAMOTTEPICQUETGRENELLE,6
LAMOTTEPICQUETGRENELLE,CAMBRONNE,6
CAMBRONNE,SEVRESLECOURBE,6
SEVRESLECOURBE,PASTEUR,6
PASTEUR,MONTPARNASSEBIENVENUE,6
MONTPARNASSEBIENVENUE,EDGARQUINET,6
EDGARQUINET,RASPAIL,6
RASPAIL,DENFERTROCHEREAU,6
DENFERTROCHEREAU,STJACQUES,6
STJACQUES,GLACIERE,6
GLACIERE,CORVISART,6
CORVISART,PLACEDITALIE,6
PLACEDITALIE,NATIONALE,6
NATIONALE,CHEVALERET,6
CHEVALERET,QUAIDELAGARE,6
QUAIDELAGARE,BERCY,6
BERCY,DUGOMMIER,6
DUGOMMIER,DAUMESNIL,6
DAUMESNIL,BELAIR,6
BELAIR,PICPUS,6
PICPUS,NATION,6
KLEBER,CHARLESDEGAULLEETOILE,6
BOISSIERE,KLEBER,6
TROCADERO,BOISSIERE,6
PASSY,TROCADERO,6
BIRHAKEIM,PASSY,6
DUPLEIX,BIRHAKEIM,6
LAMOTTEPICQUETGRENELLE,DUPLEIX,6
CAMBRONNE,LAMOTTEPICQUETGRENELLE,6
SEVRESLECOURBE,CAMBRONNE,6
PASTEUR,SEVRESLECOURBE,6
MONTPARNASSEBIENVENUE,PASTEUR,6
EDGARQUINET,MONTPARNASSEBIENVENUE,6
RASPAIL,EDGARQUINET,6
DENFERTROCHEREAU,RASPAIL,6
STJACQUES,DENFERTROCHEREAU,6
GLACIERE,STJACQUES,6
CORVISART,GLACIERE,6
PLACEDITALIE,CORVISART,6
NATIONALE,PLACEDITALIE,6
CHEVALERET,NATIONALE,6
QUAIDELAGARE,CHEVALERET,6
BERCY,QUAIDELAGARE,6
DUGOMMIER,BERCY,6
DAUMESNIL,DUGOMMIER,6
BELAIR,DAUMESNIL,6
PICPUS,BELAIR,6
NATION,PICPUS,6
LACOURNEUVEMAI,FORTDAUBERVILLIERS,7
FORTDAUBERVILLIERS,AUBERVILLIERSPANTINQUATRECHEMINS,7
AUBERVILLIERSPANTINQUATRECHEMINS,PORTEDELAVILLETTE,7
PORTEDELAVILLETTE,CORENTINCARIOU,7
CORENTINCARIOU,CRIMEE,7
CRIMEE,RIQUET,7
RIQUET,STALINGRAD,7
STALINGRAD,LOUISBLANC,7
LOUISBLANC,CHATEAULANDON,7
CHATEAULANDON,GAREDELEST,7
GAREDELEST,POISSONNIERE,7
POISSONNIERE,CADET,7
CADET,LEPELETIER,7
LEPELETIER,CHAUSSEEDANTINLAFAYETTE,7
CHAUSSEEDANTINLAFAYETTE,OPERA,7
OPERA,PYRAMIDES,7
PYRAMIDES,PALAISROYALMUSEEDULOUVRE,7
PALAISROYALMUSEEDULOUVRE,PONTNEUF,7
PONTNEUF,CHATELET,7
CHATELET,PONTMARIE,7
PONTMARIE,SULLYMORLAND,7
SULLYMORLAND,JUSSIEU,7
JUSSIEU,PLACEMONGE,7
PLACEMONGE,CENSIERDAUBENTON,7
CENSIERDAUBENTON,LESGOBELINS,7
LESGOBELINS,PLACEDITALIE,7
PLACEDITALIE,TOLBIAC,7
TOLBIAC,MAISONBLANCHE,7
PORTEDITALIE,PORTEDECHOISY,7
PORTEDECHOISY,PORTEDIVRY,7
PORTEDIVRY,PIERREETMARIECURIE,7
PIERREETMARIECURIE,MAIRIEDIVRY,7
LEKREMLINBICETRE,VILLEJUIFLEOLAGRANGE,7
VILLEJUIFLEOLAGRANGE,VILLEJUIFPAULVAILLANTCOUTURIER,7
VILLEJUIFPAULVAILLANTCOUTURIER,VILLEJUIFLOUISARAGON,7
MAISONBLANCHE,PORTEDITALIE,7
MAISONBLANCHE,LEKREMLINBICETRE,7
FORTDAUBERVILLIERS,LACOURNEUVEMAI,7
AUBERVILLIERSPANTINQUATRECHEMINS,FORTDAUBERVILLIERS,7
PORTEDELAVILLETTE,AUBERVILLIERSPANTINQUATRECHEMINS,7
CORENTINCARIOU,PORTEDELAVILLETTE,7
CRIMEE,CORENTINCARIOU,7
RIQUET,CRIMEE,7
STALINGRAD,RIQUET,7
LOUISBLANC,STALINGRAD,7
CHATEAULANDON,LOUISBLANC,7
GAREDELEST,CHATEAULANDON,7
POISSONNIERE,GAREDELEST,7
CADET,POISSONNIERE,7
LEPELETIER,CADET,7
CHAUSSEEDANTINLAFAYETTE,LEPELETIER,7
OPERA,CHAUSSEEDANTINLAFAYETTE,7
PYRAMIDES,OPERA,7
PALAISROYALMUSEEDULOUVRE,PYRAMIDES,7
PONTNEUF,PALAISROYALMUSEEDULOUVRE,7
CHATELET,PONTNEUF,7
PONTMARIE,CHATELET,7
SULLYMORLAND,PONTMARIE,7
JUSSIEU,SULLYMORLAND,7
PLACEMONGE,JUSSIEU,7
CENSIERDAUBENTON,PLACEMONGE,7
LESGOBELINS,CENSIERDAUBENTON,7
PLACEDITALIE,LESGOBELINS,7
TOLBIAC,PLACEDITALIE,7
MAISONBLANCHE,TOLBIAC,7
PORTEDECHOISY,PORTEDITALIE,7
PORTEDIVRY,PORTEDECHOISY,7
PIERREETMARIECURIE,PORTEDIVRY,7
MAIRIEDIVRY,PIERREETMARIECURIE,7
VILLEJUIFLEOLAGRANGE,LEKREMLINBICETRE,7
VILLEJUIFPAULVAILLANTCOUTURIER,VILLEJUIFLEOLAGRANGE,7
VILLEJUIFLOUISARAGON,VILLEJUIFPAULVAILLANTCOUTURIER,7
PORTEDITALIE,MAISONBLANCHE,7
LEKREMLINBICETRE,MAISONBLANCHE,7
BALARD,LOURMEL,8
LOURMEL,BOUCICAUT,8
BOUCICAUT,FELIXFAURE,8
FELIXFAURE,COMMERCE,8
COMMERCE,LAMOTTEPICQUETGRENELLE,8
LAMOTTEPICQUETGRENELLE,ECOLEMILITAIRE,8
ECOLEMILITAIRE,LATOURMAUBOURG,8
LATOURMAUBOURG,INVALIDES,8
INVALIDES,CONCORDE,8
CONCORDE,MADELEINE,8
MADELEINE,OPERA,8
OPERA,RICHELIEUDROUOT,8
RICHELIEUDROUOT,GRANDSBOULEVARDS,8
GRANDSBOULEVARDS,BONNENOUVELLE,8
BONNENOUVELLE,STRASBOURGSTDENIS,8
STRASBOURGSTDENIS,REPUBLIQUE,8
REPUBLIQUE,FILLESDUCALVAIRE,8
FILLESDUCALVAIRE,STSEBASTIENFROISSART,8
STSEBASTIENFROISSART,CHEMINVERT,8
CHEMINVERT,BASTILLE,8
BASTILLE,LEDRUROLLIN,8
LEDRUROLLIN,FAIDHERBECHALIGNY,8
FAIDHERBECHALIGNY,REUILLYDIDEROT,8
REUILLYDIDEROT,MONTGALLET,8
MONTGALLET,DAUMESNIL,8
DAUMESNIL,MICHELBIZOT,8
MICHELBIZOT,PORTEDOREE,8
PORTEDOREE,PORTEDECHARENTON,8
PORTEDECHARENTON,LIBERTE,8
LIBERTE,CHARENTONECOLES,8
CHARENTONECOLES,ECOLEVETERINAIREDEMAISONSALFORT,8
ECOLEVETERINAIREDEMAISONSALFORT,MAISONSALFORTSTADE,8
MAISONSALFORTSTADE,MAISONSALFORTLESJUILLIOTTES,8
MAISONSALFORTLESJUILLIOTTES,CRETEILLECHAT,8
CRETEILLECHAT,CRETEILUNIVERSITE,8
CRETEILUNIVERSITE,CRETEILPREFECTURE,8
CRETEILPREFECTURE,POINTEDULAC,8
LOURMEL,BALARD,8
BOUCICAUT,LOURMEL,8
FELIXFAURE,BOUCICAUT,8
COMMERCE,FELIXFAURE,8
LAMOTTEPICQUETGRENELLE,COMMERCE,8
ECOLEMILITAIRE,LAMOTTEPICQUETGRENELLE,8
LATOURMAUBOURG,ECOLEMILITAIRE,8
INVALIDES,LATOURMAUBOURG,8
CONCORDE,INVALIDES,8
MADELEINE,CONCORDE,8
OPERA,MADELEINE,8
RICHELIEUDROUOT,OPERA,8
GRANDSBOULEVARDS,RICHELIEUDROUOT,8
BONNENOUVELLE,GRANDSBOULEVARDS,8
STRASBOURGSTDENIS,BONNENOUVELLE,8
REPUBLIQUE,STRASBOURGSTDENIS,8
FILLESDUCALVAIRE,REPUBLIQUE,8
STSEBASTIENFROISSART,FILLESDUCALVAIRE,8
CHEMINVERT,STSEBASTIENFROISSART,8
BASTILLE,CHEMINVERT,8
LEDRUROLLIN,BASTILLE,8
FAIDHERBECHALIGNY,LEDRUROLLIN,8
REUILLYDIDEROT,FAIDHERBECHALIGNY,8
MONTGALLET,REUILLYDIDEROT,8
DAUMESNIL,MONTGALLET,8
MICHELBIZOT,DAUMESNIL,8
PORTEDOREE,MICHELBIZOT,8
PORTEDECHARENTON,PORTEDOREE,8
LIBERTE,PORTEDECHARENTON,8
CHARENTONECOLES,LIBERTE,8
ECOLEVETERINAIREDEMAISONSALFORT,CHARENTONECOLES,8
MAISONSALFORTSTADE,ECOLEVETERINAIREDEMAISONSALFORT,8
MAISONSALFORTLESJUILLIOTTES,MAISONSALFORTSTADE,8
CRETEILLECHAT,MAISONSALFORTLESJUILLIOTTES,8
CRETEILUNIVERSITE,CRETEILLECHAT,8
CRETEILPREFECTURE,CRETEILUNIVERSITE,8
POINTEDULAC,CRETEILPREFECTURE,8
PONTDESEVRES,BILLANCOURT,9
BILLANCOURT,MARCELSEMBAT,9
MARCELSEMBAT,PORTEDESTCLOUD,9
PORTEDESTCLOUD,EXELMANS,9
EXELMANS,MICHELANGEMOLITOR,9
MICHELANGEMOLITOR,MICHELANGEAUTEUIL,9
MICHELANGEAUTEUIL,JASMIN,9
JASMIN,RANELAGH,9
RANELAGH,LAMUETTE,9
LAMUETTE,RUEDELAPOMPE,9
RUEDELAPOMPE,TROCADERO,9
TROCADERO,IENA,9
IENA,ALMAMARCEAU,9
ALMAMARCEAU,FRANKLINDROOSEVELT,9
FRANKLINDROOSEVELT,STPHILIPPEDUROULE,9
STPHILIPPEDUROULE,MIROMESNIL,9
MIROMESNIL,STAUGUSTIN,9
STAUGUSTIN,HAVRECAUMARTIN,9
HAVRECAUMARTIN,CHAUSSEEDANTINLAFAYETTE,9
CHAUSSEEDANTINLAFAYETTE,RICHELIEUDROUOT,9
RICHELIEUDROUOT,GRANDSBOULEVARDS,9
GRANDSBOULEVARDS,BONNENOUVELLE,9
BONNENOUVELLE,STRASBOURGSTDENIS,9
STRASBOURGSTDENIS,REPUBLIQUE,9
REPUBLIQUE,OBERKAMPF,9
OBERKAMPF,STAMBROISE,9
STAMBROISE,VOLTAIRE,9
VOLTAIRE,CHARONNE,9
CHARONNE,RUEDESBOULETS,9
RUEDESBOULETS,NATION,9
NATION,BUZENVAL,9
BUZENVAL,MARAICHERS,9
MARAICHERS,PORTEDEMONTREUIL,9
PORTEDEMONTREUIL,ROBESPIERRE,9
ROBESPIERRE,CROIXDECHAVAUX,9
CROIXDECHAVAUX,MAIRIEDEMONTREUIL,9
BILLANCOURT,PONTDESEVRES,9
MARCELSEMBAT,BILLANCOURT,9
PORTEDESTCLOUD,MARCELSEMBAT,9
EXELMANS,PORTEDESTCLOUD,9
MICHELANGEMOLITOR,EXELMANS,9
MICHELANGEAUTEUIL,MICHELANGEMOLITOR,9
JASMIN,MICHELANGEAUTEUIL,9
RANELAGH,JASMIN,9
LAMUETTE,RANELAGH,9
RUEDELAPOMPE,LAMUETTE,9
TROCADERO,RUEDELAPOMPE,9
IENA,TROCADERO,9
ALMAMARCEAU,IENA,9
FRANKLINDROOSEVELT,ALMAMARCEAU,9
STPHILIPPEDUROULE,FRANKLINDROOSEVELT,9
MIROMESNIL,STPHILIPPEDUROULE,9
STAUGUSTIN,MIROMESNIL,9
HAVRECAUMARTIN,STAUGUSTIN,9
CHAUSSEEDANTINLAFAYETTE,HAVRECAUMARTIN,9
RICHELIEUDROUOT,CHAUSSEEDANTINLAFAYETTE,9
GRANDSBOULEVARDS,RICHELIEUDROUOT,9
BONNENOUVELLE,GRANDSBOULEVARDS,9
STRASBOURGSTDENIS,BONNENOUVELLE,9
REPUBLIQUE,STRASBOURGSTDENIS,9
OBERKAMPF,REPUBLIQUE,9
STAMBROISE,OBERKAMPF,9
VOLTAIRE,STAMBROISE,9
CHARONNE,VOLTAIRE,9
RUEDESBOULETS,CHARONNE,9
NATION,RUEDESBOULETS,9
BUZENVAL,NATION,9
MARAICHERS,BUZENVAL,9
PORTEDEMONTREUIL,MARAICHERS,9
ROBESPIERRE,PORTEDEMONTREUIL,9
CROIXDECHAVAUX,ROBESPIERRE,9
MAIRIEDEMONTREUIL,CROIXDECHAVAUX,9
BOULOGNEPONTDESTCLOUD,BOULOGNEJEANJAURES,10
MICHELANGEMOLITOR,CHARDONLAGACHE,10
CHARDONLAGACHE,MIRABEAU,10
JAVELANDRECITROEN,CHARLESMICHELS,10
CHARLESMICHELS,AVENUEEMILEZOLA,10
AVENUEEMILEZOLA,LAMOTTEPICQUETGRENELLE,10
LAMOTTEPICQUETGRENELLE,SEGUR,10
SEGUR,DUROC,10
DUROC,VANEAU,10
VANEAU,SEVRESBABYLONE,10
SEVRESBABYLONE,MABILLON,10
MABILLON,ODEON,10
ODEON,CLUNYLASORBONNE,10
CLUNYLASORBONNE,MAUBERTMUTUALITE,10
MAUBERTMUTUALITE,CARDINALLEMOINE,10
CARDINALLEMOINE,JUSSIEU,10
JUSSIEU,GAREDAUSTERLITZ,10
BOULOGNEJEANJAURES,MICHELANGEMOLITOR,10
JAVELANDRECITROEN,EGLISEDAUTEUIL,10
BOULOGNEJEANJAURES,BOULOGNEPONTDESTCLOUD,10
MICHELANGEAUTEUIL,PORTEDAUTEUIL,10
EGLISEDAUTEUIL,MICHELANGEAUTEUIL,10
CHARLESMICHELS,JAVELANDRECITROEN,10
AVENUEEMILEZOLA,CHARLESMICHELS,10
LAMOTTEPICQUETGRENELLE,AVENUEEMILEZOLA,10
SEGUR,LAMOTTEPICQUETGRENELLE,10
DUROC,SEGUR,10
VANEAU,DUROC,10
SEVRESBABYLONE,VANEAU,10
MABILLON,SEVRESBABYLONE,10
ODEON,MABILLON,10
CLUNYLASORBONNE,ODEON,10
MAUBERTMUTUALITE,CLUNYLASORBONNE,10
CARDINALLEMOINE,MAUBERTMUTUALITE,10
JUSSIEU,CARDINALLEMOINE,10
GAREDAUSTERLITZ,JUSSIEU,10
PORTEDAUTEUIL,BOULOGNEJEANJAURES,10
MIRABEAU,JAVELANDRECITROEN,10
CHATELET,HOTELDEVILLE,11
HOTELDEVILLE,RAMBUTEAU,11
RAMBUTEAU,ARTSETMETIERS,11
ARTSETMETIERS,REPUBLIQUE,11
REPUBLIQUE,GONCOURT,11
GONCOURT,BELLEVILLE,11
BELLEVILLE,PYRENEES,11
PYRENEES,JOURDAIN,11
JOURDAIN,PLACEDESFETES,11
PLACEDESFETES,TELEGRAPHE,11
TELEGRAPHE,PORTEDESLILAS,11
PORTEDESLILAS,MAIRIEDESLILAS,11
HOTELDEVILLE,CHATELET,11
RAMBUTEAU,HOTELDEVILLE,11
ARTSETMETIERS,RAMBUTEAU,11
REPUBLIQUE,ARTSETMETIERS,11
GONCOURT,REPUBLIQUE,11
BELLEVILLE,GONCOURT,11
PYRENEES,BELLEVILLE,11
JOURDAIN,PYRENEES,11
PLACEDESFETES,JOURDAIN,11
TELEGRAPHE,PLACEDESFETES,11
PORTEDESLILAS,TELEGRAPHE,11
MAIRIEDESLILAS,PORTEDESLILAS,11
FRONTPOPULAIRE,PORTEDELACHAPELLE,12
PORTEDELACHAPELLE,MARXDORMOY,12
MARXDORMOY,MARCADETPOISSONNIERS,12
MARCADETPOISSONNIERS,JULESJOFFRIN,12
JULESJOFFRIN,LAMARCKCAULAINCOURT,12
LAMARCKCAULAINCOURT,ABBESSES,12
ABBESSES,PIGALLE,12
PIGALLE,STGEORGES,12
STGEORGES,NOTREDAMEDELORETTE,12
NOTREDAMEDELORETTE,TRINITEDESTIENNEDORVES,12
TRINITEDESTIENNEDORVES,STLAZARE,12
STLAZARE,MADELEINE,12
MADELEINE,CONCORDE,12
CONCORDE,ASSEMBLEENATIONALE,12
ASSEMBLEENATIONALE,SOLFERINO,12
SOLFERINO,RUEDUBAC,12
RUEDUBAC,SEVRESBABYLONE,12
SEVRESBABYLONE,RENNES,12
RENNES,NOTREDAMEDESCHAMPS,12
NOTREDAMEDESCHAMPS,MONTPARNASSEBIENVENUE,12
MONTPARNASSEBIENVENUE,FALGUIERE,12
FALGUIERE,PASTEUR,12
PASTEUR,VOLONTAIRES,12
VOLONTAIRES,VAUGIRARD,12
VAUGIRARD,CONVENTION,12
CONVENTION,PORTEDEVERSAILLES,12
PORTEDEVERSAILLES,CORENTINCELTON,12
CORENTINCELTON,MAIRIEDISSY,12
PORTEDELACHAPELLE,FRONTPOPULAIRE,12
MARXDORMOY,PORTEDELACHAPELLE,12
MARCADETPOISSONNIERS,MARXDORMOY,12
JULESJOFFRIN,MARCADETPOISSONNIERS,12
LAMARCKCAULAINCOURT,JULESJOFFRIN,12
ABBESSES,LAMARCKCAULAINCOURT,12
PIGALLE,ABBESSES,12
STGEORGES,PIGALLE,12
NOTREDAMEDELORETTE,STGEORGES,12
TRINITEDESTIENNEDORVES,NOTREDAMEDELORETTE,12
STLAZARE,TRINITEDESTIENNEDORVES,12
MADELEINE,STLAZARE,12
CONCORDE,MADELEINE,12
ASSEMBLEENATIONALE,CONCORDE,12
SOLFERINO,ASSEMBLEENATIONALE,12
RUEDUBAC,SOLFERINO,12
SEVRESBABYLONE,RUEDUBAC,12
RENNES,SEVRESBABYLONE,12
NOTREDAMEDESCHAMPS,RENNES,12
MONTPARNASSEBIENVENUE,NOTREDAMEDESCHAMPS,12
FALGUIERE,MONTPARNASSEBIENVENUE,12
PASTEUR,FALGUIERE,12
VOLONTAIRES,PASTEUR,12
VAUGIRARD,VOLONTAIRES,12
CONVENTION,VAUGIRARD,12
PORTEDEVERSAILLES,CONVENTION,12
CORENTINCELTON,PORTEDEVERSAILLES,12
MAIRIEDISSY,CORENTINCELTON,12
STDENISUNIVERSITE,BASILIQUEDESTDENIS,13
BASILIQUEDESTDENIS,STDENISPORTEDEPARIS,13
STDENISPORTEDEPARIS,CARREFOURPLEYEL,13
CARREFOURPLEYEL,MAIRIEDESTOUEN,13
MAIRIEDESTOUEN,GARIBALDI,13
GARIBALDI,PORTEDESTOUEN,13
PORTEDESTOUEN,GUYMOQUET,13
ASNIERESGENNEVILLIERSLESCOURTILLES,LESAGNETTES,13
LESAGNETTES,GABRIELPERI,13
GABRIELPERI,MAIRIEDECLICHY,13
MAIRIEDECLICHY,PORTEDECLICHY,13
PORTEDECLICHY,BROCHANT,13
LAFOURCHE,PLACEDECLICHY,13
PLACEDECLICHY,LIEGE,13
LIEGE,STLAZARE,13
STLAZARE,MIROMESNIL,13
MIROMESNIL,CHAMPSELYSEESCLEMENCEAU,13
CHAMPSELYSEESCLEMENCEAU,INVALIDES,13
INVALIDES,VARENNE,13
VARENNE,STFRANCOISXAVIER,13
STFRANCOISXAVIER,DUROC,13
DUROC,MONTPARNASSEBIENVENUE,13
MONTPARNASSEBIENVENUE,GAITE,13
GAITE,PERNETY,13
PERNETY,PLAISANCE,13
PLAISANCE,PORTEDEVANVES,13
PORTEDEVANVES,MALAKOFFPLATEAUDEVANVES,13
MALAKOFFPLATEAUDEVANVES,MALAKOFFRUEETIENNEDOLET,13
MALAKOFFRUEETIENNEDOLET,CHATILLONMONTROUGE,13
GUYMOQUET,LAFOURCHE,13
BROCHANT,LAFOURCHE,13
BASILIQUEDESTDENIS,STDENISUNIVERSITE,13
STDENISPORTEDEPARIS,BASILIQUEDESTDENIS,13
CARREFOURPLEYEL,STDENISPORTEDEPARIS,13
MAIRIEDESTOUEN,CARREFOURPLEYEL,13
GARIBALDI,MAIRIEDESTOUEN,13
PORTEDESTOUEN,GARIBALDI,13
GUYMOQUET,PORTEDESTOUEN,13
LESAGNETTES,ASNIERESGENNEVILLIERSLESCOURTILLES,13
GABRIELPERI,LESAGNETTES,13
MAIRIEDECLICHY,GABRIELPERI,13
PORTEDECLICHY,MAIRIEDECLICHY,13
BROCHANT,PORTEDECLICHY,13
PLACEDECLICHY,LAFOURCHE,13
LIEGE,PLACEDECLICHY,13
STLAZARE,LIEGE,13
MIROMESNIL,STLAZARE,13
CHAMPSELYSEESCLEMENCEAU,MIROMESNIL,13
INVALIDES,CHAMPSELYSEESCLEMENCEAU,13
VARENNE,INVALIDES,13
STFRANCOISXAVIER,VARENNE,13
DUROC,STFRANCOISXAVIER,13
MONTPARNASSEBIENVENUE,DUROC,13
GAITE,MONTPARNASSEBIENVENUE,13
PERNETY,GAITE,13
PLAISANCE,PERNETY,13
PORTEDEVANVES,PLAISANCE,13
MALAKOFFPLATEAUDEVANVES,PORTEDEVANVES,13
MALAKOFFRUEETIENNEDOLET,MALAKOFFPLATEAUDEVANVES,13
CHATILLONMONTROUGE,MALAKOFFRUEETIENNEDOLET,13
LAFOURCHE,GUYMOQUET,13
LAFOURCHE,BROCHANT,13
STLAZARE,MADELEINE,14
MADELEINE,PYRAMIDES,14
PYRAMIDES,CHATELET,14
CHATELET,GAREDELYON,14
GAREDELYON,BERCY,14
BERCY,COURSTEMILION,14
COURSTEMILION,BIBLIOTHEQUEFRANCOISMITTERRAND,14
BIBLIOTHEQUEFRANCOISMITTERRAND,OLYMPIADES,14
MADELEINE,STLAZARE,14
PYRAMIDES,MADELEINE,14
CHATELET,PYRAMIDES,14
GAREDELYON,CHATELET,14
BERCY,GAREDELYON,14
COURSTEMILION,BERCY,14
BIBLIOTHEQUEFRANCOISMITTERRAND,COURSTEMILION,14
OLYMPIADES,BIBLIOTHEQUEFRANCOISMITTERRAND,14
PORTEDESLILAS,STFARGEAU,3bis
STFARGEAU,PELLEPORT,3bis
PELLEPORT,GAMBETTA,3bis
STFARGEAU,PORTEDESLILAS,3bis
PELLEPORT,STFARGEAU,3bis
GAMBETTA,PELLEPORT,3bis
LOUISBLANC,JAURES,7bis
JAURES,BOLIVAR,7bis
BOLIVAR,BUTTESCHAUMONT,7bis
BUTTESCHAUMONT,BOTZARIS,7bis
BOTZARIS,PLACEDESFETES,7bis
PLACEDESFETES,PRESTGERVAIS,7bis
PRESTGERVAIS,DANUBE,7bis
DANUBE,BOTZARIS,7bis
JAURES,LOUISBLANC,7bis
BOLIVAR,JAURES,7bis
BUTTESCHAUMONT,BOLIVAR,7bis
BOTZARIS,BUTTESCHAUMONT,7bis